{
  "meta": {
    "panel": [
      1153,
      66
    ],
    "cut": "2025-07-21 00:00:00+00:00",
    "cost_rt": 0.0018
  },
  "results": [
    {
      "id": "btc_up1pct_long_alts_h1",
      "train": {
        "n": 235,
        "mean": -0.0016675957242075704,
        "median": -0.0011321196364955568,
        "win": 0.4978723404255319,
        "p_pos": 0.7387164228154746,
        "sharpe": -0.041709415129861344
      },
      "oos": {
        "n": 91,
        "mean": -0.007603722086956653,
        "median": -0.009242804255421181,
        "win": 0.43956043956043955,
        "p_pos": 0.9929173279162905,
        "sharpe": -0.25714876815938714
      },
      "verdict": "REJECTED",
      "reason": "OOS mean -0.7604% \u2264 0 n=91",
      "p_adj": 1.0
    },
    {
      "id": "btc_dn1pct_short_alts_h1",
      "train": {
        "n": 204,
        "mean": -0.007018833627556248,
        "median": -0.007371974549516578,
        "win": 0.43137254901960786,
        "p_pos": 0.9877134068314399,
        "sharpe": -0.15739477952850456
      },
      "oos": {
        "n": 110,
        "mean": 0.0030369266957915512,
        "median": 0.007190426038382804,
        "win": 0.5545454545454546,
        "p_pos": 0.25154587378533133,
        "sharpe": 0.06384700505700158
      },
      "verdict": "NOT_PROVEN",
      "reason": "OOS mean +0.3037% n=110 but p_adj=0.503 (trials=2)",
      "p_adj": 0.5030917475706627
    },
    {
      "id": "btc_up1pct_long_alts_h3",
      "train": {
        "n": 235,
        "mean": 0.0035458606607436677,
        "median": 0.002133422152572616,
        "win": 0.5191489361702127,
        "p_pos": 0.2349939946108707,
        "sharpe": 0.04713061158775968
      },
      "oos": {
        "n": 90,
        "mean": -0.01783490303944997,
        "median": -0.020174308489040706,
        "win": 0.36666666666666664,
        "p_pos": 0.9976872595597619,
        "sharpe": -0.2985212261276707
      },
      "verdict": "REJECTED",
      "reason": "OOS mean -1.7835% \u2264 0 n=90",
      "p_adj": 1.0
    },
    {
      "id": "btc_dn1pct_short_alts_h3",
      "train": {
        "n": 204,
        "mean": -0.008100444395751322,
        "median": -0.008165724361702247,
        "win": 0.4264705882352941,
        "p_pos": 0.9536276667008277,
        "sharpe": -0.11770011915249964
      },
      "oos": {
        "n": 109,
        "mean": 0.007880648892315347,
        "median": 0.005746669961134857,
        "win": 0.5688073394495413,
        "p_pos": 0.12052161980152613,
        "sharpe": 0.11229394495445079
      },
      "verdict": "NOT_PROVEN",
      "reason": "OOS mean +0.7881% n=109 but p_adj=0.241 (trials=2)",
      "p_adj": 0.24104323960305227
    },
    {
      "id": "btc_up_long_hiresid_h1",
      "train": {
        "n": 307,
        "mean": -2.1641434687098876e-06,
        "median": 0.0019973471835079987,
        "win": 0.5309446254071661,
        "p_pos": 0.5003661634145026,
        "sharpe": -5.2383650080942897e-05
      },
      "oos": {
        "n": 125,
        "mean": -0.005522277675565275,
        "median": -0.004412885809854959,
        "win": 0.448,
        "p_pos": 0.9766282366561376,
        "sharpe": -0.17786728488187237
      },
      "verdict": "REJECTED",
      "reason": "OOS mean -0.5522% \u2264 0 n=125",
      "p_adj": 1.0
    },
    {
      "id": "btc_up_long_hiresid_h3",
      "train": {
        "n": 307,
        "mean": 0.007491860585861154,
        "median": 0.01308228178799394,
        "win": 0.5504885993485342,
        "p_pos": 0.05205649257607755,
        "sharpe": 0.09275692957806803
      },
      "oos": {
        "n": 124,
        "mean": -0.013420535975087137,
        "median": -0.005963028174343744,
        "win": 0.41935483870967744,
        "p_pos": 0.9920431431496115,
        "sharpe": -0.21650417646586384
      },
      "verdict": "REJECTED",
      "reason": "OOS mean -1.3421% \u2264 0 n=124",
      "p_adj": 1.0
    },
    {
      "id": "activity_premium_ls_h5",
      "train": {
        "n": 157,
        "mean": 0.00011915956220230148,
        "median": -0.0032039360611373327,
        "win": 0.4585987261146497,
        "p_pos": 0.48430699283006096,
        "sharpe": 0.0031402073751786207
      },
      "oos": {
        "n": 68,
        "mean": -0.005538718669238129,
        "median": -0.0030822255928309697,
        "win": 0.4411764705882353,
        "p_pos": 0.919226159089336,
        "sharpe": -0.16976102279697927
      },
      "verdict": "REJECTED",
      "reason": "OOS mean -0.5539% \u2264 0 n=68",
      "p_adj": 1.0
    },
    {
      "id": "illiquidity_premium_ls_h5",
      "train": {
        "n": 157,
        "mean": -0.0037191595622023017,
        "median": -0.0003960639388626672,
        "win": 0.4968152866242038,
        "p_pos": 0.8902901559268707,
        "sharpe": -0.09801086938256802
      },
      "oos": {
        "n": 68,
        "mean": 0.00193871866923813,
        "median": -0.0005177744071690302,
        "win": 0.4852941176470588,
        "p_pos": 0.31206621268676765,
        "sharpe": 0.05942148064558314
      },
      "verdict": "NOT_PROVEN",
      "reason": "OOS mean +0.1939% n=68 but p_adj=0.624 (trials=2)",
      "p_adj": 0.6241324253735353
    },
    {
      "id": "activity_premium_ls_h10",
      "train": {
        "n": 79,
        "mean": -0.003033237963438722,
        "median": -0.010634344371525859,
        "win": 0.4177215189873418,
        "p_pos": 0.665390942610837,
        "sharpe": -0.04806615678941682
      },
      "oos": {
        "n": 33,
        "mean": -0.0099619170622069,
        "median": -0.01619040166595963,
        "win": 0.30303030303030304,
        "p_pos": 0.867437252361392,
        "sharpe": -0.1939848848045922
      },
      "verdict": "REJECTED",
      "reason": "OOS mean -0.9962% \u2264 0 n=33",
      "p_adj": 1.0
    },
    {
      "id": "illiquidity_premium_ls_h10",
      "train": {
        "n": 79,
        "mean": -0.0005667620365612749,
        "median": 0.00703434437152586,
        "win": 0.5822784810126582,
        "p_pos": 0.5318123853765708,
        "sharpe": -0.008981185531767391
      },
      "oos": {
        "n": 33,
        "mean": 0.006361917062206898,
        "median": 0.012590401665959632,
        "win": 0.6363636363636364,
        "p_pos": 0.23833899785735438,
        "sharpe": 0.12388335907056594
      },
      "verdict": "NOT_PROVEN",
      "reason": "OOS mean +0.6362% n=33 but p_adj=0.477 (trials=2)",
      "p_adj": 0.47667799571470876
    },
    {
      "id": "short_high_downbeta_h5",
      "train": {
        "n": 149,
        "mean": -0.010668865505548146,
        "median": -0.006966486732777499,
        "win": 0.46308724832214765,
        "p_pos": 0.8964915783683993,
        "sharpe": -0.10337157573393099
      },
      "oos": {
        "n": 68,
        "mean": 0.016354423215974755,
        "median": 0.024258851238632192,
        "win": 0.6176470588235294,
        "p_pos": 0.03554602462210257,
        "sharpe": 0.2188749441318164
      },
      "verdict": "NOT_PROVEN",
      "reason": "OOS mean +1.6354% n=68 but p_adj=0.071 (trials=2)",
      "p_adj": 0.07109204924420515
    },
    {
      "id": "downbeta_ls_h5",
      "train": {
        "n": 149,
        "mean": -0.005209153293432208,
        "median": -0.0018115655612222369,
        "win": 0.4697986577181208,
        "p_pos": 0.9560451307492434,
        "sharpe": -0.1398042559543829
      },
      "oos": {
        "n": 68,
        "mean": 0.0022744334865532714,
        "median": -0.002271435619575314,
        "win": 0.4852941176470588,
        "p_pos": 0.282387237031853,
        "sharpe": 0.06982168308496907
      },
      "verdict": "NOT_PROVEN",
      "reason": "OOS mean +0.2274% n=68 but p_adj=0.565 (trials=2)",
      "p_adj": 0.564774474063706
    },
    {
      "id": "short_high_downbeta_h10",
      "train": {
        "n": 75,
        "mean": -0.01898129310082485,
        "median": -0.01833757527352225,
        "win": 0.4533333333333333,
        "p_pos": 0.8688642024496417,