{
  "meta": {
    "panel": [
      1153,
      66
    ],
    "cut": "2025-07-21 00:00:00+00:00",
    "cost_rt": 0.0018
  },
  "results": [
    {
      "id": "loser3d_long_h1",
      "train": {
        "n": 804,
        "mean": -0.000256572754618096,
        "median": 0.00047490032118472584,
        "win": 0.5087064676616916,
        "p_pos": 0.5680511415894114,
        "sharpe": -0.006045329464117549
      },
      "oos": {
        "n": 345,
        "mean": -0.004623331134509372,
        "median": -0.0033008694147366024,
        "win": 0.4463768115942029,
        "p_pos": 0.9851647290140371,
        "sharpe": -0.11706903722579272
      },
      "verdict": "REJECTED",
      "reason": "OOS mean -0.4623% \u2264 0 n=345",
      "p_adj": 1.0
    },
    {
      "id": "loser3d_long_h3",
      "train": {
        "n": 804,
        "mean": 0.0030453619431390208,
        "median": 0.0028394868744634955,
        "win": 0.5186567164179104,
        "p_pos": 0.1255867596665747,
        "sharpe": 0.040469333959798015
      },
      "oos": {
        "n": 343,
        "mean": -0.009889081617498774,
        "median": -0.012443689074075646,
        "win": 0.4198250728862974,
        "p_pos": 0.9967419338561871,
        "sharpe": -0.1468992047896733
      },
      "verdict": "REJECTED",
      "reason": "OOS mean -0.9889% \u2264 0 n=343",
      "p_adj": 1.0
    },
    {
      "id": "loser3d_long_h5",
      "train": {
        "n": 804,
        "mean": 0.004078073923726686,
        "median": 0.0025011554153992043,
        "win": 0.5099502487562189,
        "p_pos": 0.11453818219504619,
        "sharpe": 0.04241742262880857
      },
      "oos": {
        "n": 341,
        "mean": -0.015700565682781675,
        "median": -0.01954113143801118,
        "win": 0.4046920821114369,
        "p_pos": 0.9998759901211741,
        "sharpe": -0.198432757452747
      },
      "verdict": "REJECTED",
      "reason": "OOS mean -1.5701% \u2264 0 n=341",
      "p_adj": 1.0
    },
    {
      "id": "winner3d_short_h1",
      "train": {
        "n": 804,
        "mean": -0.002875773639431081,
        "median": -0.004091652645786569,
        "win": 0.4651741293532338,
        "p_pos": 0.9731080339788334,
        "sharpe": -0.06801551461385515
      },
      "oos": {
        "n": 345,
        "mean": 0.0030274416134197383,
        "median": 0.002873278263684284,
        "win": 0.5304347826086957,
        "p_pos": 0.07612580935200186,
        "sharpe": 0.07707601486787026
      },
      "verdict": "NOT_PROVEN",
      "reason": "OOS mean +0.3027% n=345 but p_adj=0.228 (trials=3)",
      "p_adj": 0.22837742805600558
    },
    {
      "id": "winner3d_short_h3",
      "train": {
        "n": 804,
        "mean": -0.006424183257319774,
        "median": -0.006872385178907171,
        "win": 0.4502487562189055,
        "p_pos": 0.9911251438196469,
        "sharpe": -0.08361161087999712
      },
      "oos": {
        "n": 343,
        "mean": 0.012015907014999258,
        "median": 0.00979089279457261,
        "win": 0.577259475218659,
        "p_pos": 0.00011821028568179436,
        "sharpe": 0.1985143971935752
      },
      "verdict": "NOT_PROVEN",
      "reason": "OOS ok but train mean -0.6424% \u2264 0 (inconsistent)",
      "p_adj": 0.0003546308570453831
    },
    {
      "id": "winner3d_short_h5",
      "train": {
        "n": 804,
        "mean": -0.009470464064131335,
        "median": -0.003199364763841754,
        "win": 0.47761194029850745,
        "p_pos": 0.995770394300763,
        "sharpe": -0.0928647289187007
      },
      "oos": {
        "n": 341,
        "mean": 0.020758363194085312,
        "median": 0.017082544948201224,
        "win": 0.6187683284457478,
        "p_pos": 5.698166111386913e-08,
        "sharpe": 0.2871693527136814
      },
      "verdict": "NOT_PROVEN",
      "reason": "OOS ok but train mean -0.9470% \u2264 0 (inconsistent)",
      "p_adj": 1.7094498334160737e-07
    },
    {
      "id": "st_rev_ls_h1",
      "train": {
        "n": 804,
        "mean": -0.0011920974044176648,
        "median": -0.00048648038726012985,
        "win": 0.48258706467661694,
        "p_pos": 0.9784127654442699,
        "sharpe": -0.07131108450332825
      },
      "oos": {
        "n": 345,
        "mean": -0.00042660384005572074,
        "median": -0.00020742415667631244,
        "win": 0.4956521739130435,
        "p_pos": 0.6916101913144681,
        "sharpe": -0.026941688502786207
      },
      "verdict": "REJECTED",
      "reason": "OOS mean -0.0427% \u2264 0 n=345",
      "p_adj": 1.0
    },
    {
      "id": "st_rev_ls_h3",
      "train": {
        "n": 268,
        "mean": -0.0011397245273487022,
        "median": 0.0006390279876159716,
        "win": 0.5186567164179104,
        "p_pos": 0.7169762020521991,
        "sharpe": -0.03505542781460463
      },
      "oos": {
        "n": 115,
        "mean": -0.0013445468241320257,
        "median": -0.004341211345081385,
        "win": 0.45217391304347826,
        "p_pos": 0.6938790385790223,
        "sharpe": -0.047266417890560936
      },
      "verdict": "REJECTED",
      "reason": "OOS mean -0.1345% \u2264 0 n=115",
      "p_adj": 1.0
    },
    {
      "id": "st_rev_ls_h5",
      "train": {
        "n": 161,
        "mean": -0.0036038927553149118,
        "median": 0.00039571075232320034,
        "win": 0.5093167701863354,
        "p_pos": 0.8423099592467801,
        "sharpe": -0.07912604477264336
      },
      "oos": {
        "n": 68,
        "mean": 0.004367715771162524,
        "median": -0.00017090886239490505,
        "win": 0.4852941176470588,
        "p_pos": 0.173653515420745,
        "sharpe": 0.1139705933264199
      },
      "verdict": "NOT_PROVEN",
      "reason": "OOS mean +0.4368% n=68 but p_adj=0.521 (trials=3)",
      "p_adj": 0.520960546262235
    },
    {
      "id": "lowvol_premium_h5",
      "train": {
        "n": 157,
        "mean": -0.0036248256282447044,
        "median": 0.002115593907135667,
        "win": 0.5286624203821656,
        "p_pos": 0.8825863957581097,
        "sharpe": -0.09481397807906321
      },
      "oos": {
        "n": 68,
        "mean": 0.0034512339199089426,
        "median": 0.00048180430313850926,
        "win": 0.5147058823529411,
        "p_pos": 0.18816053209676833,
        "sharpe": 0.10728504738643109
      },
      "verdict": "NOT_PROVEN",
      "reason": "OOS mean +0.3451% n=68 but p_adj=0.376 (trials=2)",
      "p_adj": 0.37632106419353667
    },
    {
      "id": "lowvol_premium_h10",
      "train": {
        "n": 79,
        "mean": 0.0007200417494838035,
        "median": 0.00782997679894575,
        "win": 0.569620253164557,
        "p_pos": 0.4598835237461925,
        "sharpe": 0.011332691321196993
      },
      "oos": {
        "n": 33,
        "mean": 0.007113140639153353,
        "median": 0.015222169474445723,
        "win": 0.6060606060606061,
        "p_pos": 0.22470099536967028,
        "sharpe": 0.13167449317141838
      },
      "verdict": "NOT_PROVEN",
      "reason": "OOS mean +0.7113% n=33 but p_adj=0.449 (trials=2)",
      "p_adj": 0.44940199073934056
    },
    {
      "id": "highvol_short_h5",
      "train": {
        "n": 157,
        "mean": -0.009632536479522584,
        "median": -0.00782805867101711,
        "win": 0.4713375796178344,
        "p_pos": 0.8704450034863103,
        "sharpe": -0.09006388252229533
      },
      "oos": {
        "n": 68,
        "mean": 0.018899635135163392,
        "median": 0.021256952505992514,
        "win": 0.6176470588235294,
        "p_pos": 0.015318348485952643,
        "sharpe": 0.2621518799484277
      },
      "verdict": "NOT_PROVEN",
      "reason": "OOS ok but train mean -0.9633% \u2264 0 (inconsistent)",
      "p_adj": 0.030636696971905287
    },
    {
      "id": "highvol_short_h10",
      "train": {
        "n": 79,
        "mean": -0.011619515436522536,
        "median": 0.004735657449119366,
        "win": 0.5063291139240507,
        "p_pos": 0.7496537553521839,