{
  "meta": {
    "panel": [
      8000,
      6
    ],
    "majors": [
      "BNB",
      "BTC",
      "DOGE",
      "ETH",
      "SOL",
      "XRP"
    ],
    "cut": "2026-03-23 12:00:00+00:00",
    "cost_rt": 0.0018
  },
  "results": [
    {
      "id": "overnight_fade_h4",
      "train": {
        "n": 132,
        "mean": -0.0013837906665293226,
        "median": -0.0014243453700205023,
        "win": 0.4318181818181818,
        "p_pos": 0.9176234656326534,
        "sharpe": -0.12091974363464189
      },
      "oos": {
        "n": 51,
        "mean": -0.0016918373571632999,
        "median": -0.0015573817101010156,
        "win": 0.37254901960784315,
        "p_pos": 0.9297866617374124,
        "sharpe": -0.20642984837700606
      },
      "verdict": "REJECTED",
      "reason": "OOS mean -0.1692% \u2264 0 n=51",
      "p_adj": 1.0
    },
    {
      "id": "overnight_cont_h4",
      "train": {
        "n": 132,
        "mean": -0.002216209333470677,
        "median": -0.0021756546299794973,
        "win": 0.3409090909090909,
        "p_pos": 0.9869584437889781,
        "sharpe": -0.1936589622447033
      },
      "oos": {
        "n": 51,
        "mean": -0.0019081626428366998,
        "median": -0.0020426182898989845,
        "win": 0.4117647058823529,
        "p_pos": 0.9518139266594796,
        "sharpe": -0.23282481816094977
      },
      "verdict": "REJECTED",
      "reason": "OOS mean -0.1908% \u2264 0 n=51",
      "p_adj": 1.0
    },
    {
      "id": "overnight_fade_h8",
      "train": {
        "n": 132,
        "mean": -0.0031498982926520445,
        "median": -0.003148560161660961,
        "win": 0.45454545454545453,
        "p_pos": 0.9412561320575716,
        "sharpe": -0.1362511059941583
      },
      "oos": {
        "n": 51,
        "mean": -0.0010418694258646193,
        "median": -0.0007339247417924523,
        "win": 0.49019607843137253,
        "p_pos": 0.7014747818421956,
        "sharpe": -0.07402536909418422
      },
      "verdict": "REJECTED",
      "reason": "OOS mean -0.1042% \u2264 0 n=51",
      "p_adj": 1.0
    },
    {
      "id": "overnight_cont_h8",
      "train": {
        "n": 132,
        "mean": -0.0004501017073479558,
        "median": -0.0004514398383390389,
        "win": 0.49242424242424243,
        "p_pos": 0.5884996463168335,
        "sharpe": -0.01946947162677562
      },
      "oos": {
        "n": 51,
        "mean": -0.00255813057413538,
        "median": -0.0028660752582075474,
        "win": 0.43137254901960786,
        "p_pos": 0.9028565336727268,
        "sharpe": -0.18175651885008398
      },
      "verdict": "REJECTED",
      "reason": "OOS mean -0.2558% \u2264 0 n=51",
      "p_adj": 1.0
    },
    {
      "id": "overnight_fade_h12",
      "train": {
        "n": 132,
        "mean": -0.004766854165335544,
        "median": -0.0018553153737081388,
        "win": 0.45454545454545453,
        "p_pos": 0.968525957601176,
        "sharpe": -0.1618537497264106
      },
      "oos": {
        "n": 51,
        "mean": 0.0007878138478470115,
        "median": 0.0005019670911103943,
        "win": 0.5294117647058824,
        "p_pos": 0.3643300491808196,
        "sharpe": 0.04857689932920546
      },
      "verdict": "NOT_PROVEN",
      "reason": "OOS mean +0.0788% n=51 but p_adj=1.000 (trials=3)",
      "p_adj": 1.0
    },
    {
      "id": "overnight_cont_h12",
      "train": {
        "n": 132,
        "mean": 0.001166854165335544,
        "median": -0.0017446846262918613,
        "win": 0.4318181818181818,
        "p_pos": 0.32448562347951715,
        "sharpe": 0.03961936226554244
      },
      "oos": {
        "n": 51,
        "mean": -0.004387813847847012,
        "median": -0.004101967091110394,
        "win": 0.4117647058823529,
        "p_pos": 0.973329124826703,
        "sharpe": -0.2705542586547039
      },
      "verdict": "REJECTED",
      "reason": "OOS mean -0.4388% \u2264 0 n=51",
      "p_adj": 1.0
    },
    {
      "id": "hour_best3_long",
      "train": {
        "n": 699,
        "mean": -0.001754366172449923,
        "median": -0.0017764370716525685,
        "win": 0.3147353361945637,
        "p_pos": 0.9999999999999993,
        "sharpe": -0.30235818077048726
      },
      "oos": {
        "n": 300,
        "mean": -0.002083246634622662,
        "median": -0.0021415568481354436,
        "win": 0.23333333333333334,
        "p_pos": 0.9999999999997935,
        "sharpe": -0.4186512719664055
      },
      "verdict": "REJECTED",
      "reason": "OOS mean -0.2083% \u2264 0 n=300",
      "p_adj": 1.0
    },
    {
      "id": "hour_worst3_short",
      "train": {
        "n": 701,
        "mean": -0.0014992640556328685,
        "median": -0.0020236903095285867,
        "win": 0.3124108416547789,
        "p_pos": 0.9999999999969401,
        "sharpe": -0.25973442635764393
      },
      "oos": {
        "n": 300,
        "mean": -0.002066758742483347,
        "median": -0.0019047909391641752,
        "win": 0.23666666666666666,
        "p_pos": 1.0,
        "sharpe": -0.517536920555451
      },
      "verdict": "REJECTED",
      "reason": "OOS mean -0.2067% \u2264 0 n=300",
      "p_adj": 1.0
    },
    {
      "id": "mom4h_fade_h4",
      "train": {
        "n": 1398,
        "mean": -0.002532065800695635,
        "median": -0.0019077464377334524,
        "win": 0.3440629470672389,
        "p_pos": 1.0,
        "sharpe": -0.23367251750321832
      },
      "oos": {
        "n": 599,
        "mean": -0.0019816889129010804,
        "median": -0.0018034796635577742,
        "win": 0.335559265442404,
        "p_pos": 0.999999998213922,
        "sharpe": -0.24118503507020286
      },
      "verdict": "REJECTED",
      "reason": "OOS mean -0.1982% \u2264 0 n=599",
      "p_adj": 1.0
    },
    {
      "id": "mom4h_cont_h4",
      "train": {
        "n": 1398,
        "mean": -0.0010679341993043649,
        "median": -0.0016922535622665475,
        "win": 0.3698140200286123,
        "p_pos": 0.9998856229173263,
        "sharpe": -0.09855465557438381
      },
      "oos": {
        "n": 599,
        "mean": -0.0016183110870989198,
        "median": -0.0017965203364422257,
        "win": 0.34056761268781305,
        "p_pos": 0.9999992839344511,
        "sharpe": -0.19695947923786677
      },
      "verdict": "REJECTED",
      "reason": "OOS mean -0.1618% \u2264 0 n=599",
      "p_adj": 1.0
    },
    {
      "id": "mom4h_fade_h8",
      "train": {
        "n": 699,
        "mean": -0.002670876583410762,
        "median": -0.0021840054569139903,
        "win": 0.3905579399141631,
        "p_pos": 0.9999982386613315,
        "sharpe": -0.17541480999522388
      },
      "oos": {
        "n": 299,
        "mean": -0.0018762713692772584,
        "median": -0.0020610698829618542,
        "win": 0.39464882943143814,
        "p_pos": 0.9984211835477039,
        "sharpe": -0.17071628530038782
      },
      "verdict": "REJECTED",
      "reason": "OOS mean -0.1876% \u2264 0 n=299",
      "p_adj": 1.0
    },
    {
      "id": "mom4h_cont_h8",
      "train": {
        "n": 699,
        "mean": -0.0009291234165892378,
        "median": -0.0014159945430860098,
        "win": 0.4263233190271817,
        "p_pos": 0.946664076298882,
        "sharpe": -0.06102191639831713
      },
      "oos": {
        "n": 299,
        "mean": -0.0017237286307227413,
        "median": -0.0015389301170381454,
        "win": 0.40468227424749165,
        "p_pos": 0.9966556989703179,
        "sharpe": -0.15683688059273798
      },
      "verdict": "REJECTED",
      "reason": "OOS mean -0.1724% \u2264 0 n=299",
      "p_adj": 1.0
    },
    {
      "id": "mom4h_fade_h12",
      "train": {
        "n": 466,
        "mean": -0.0029762225104254247,
        "median": -0.0026374425113356065,
        "win": 0.41416309012875535,
        "p_pos": 0.9998766024283496,
        "sharpe": -0.16980392226792912
      },
      "oos": {
        "n": 199,
        "mean": -0.0019654540998844286,
        "median": -0.002268109960053975,