{
  "meta": {
    "panel": [
      1153,
      66
    ],
    "cut": "2025-07-21 00:00:00+00:00",
    "cost_rt": 0.0018,
    "n_unlock_days": 289
  },
  "results": [
    {
      "id": "breadth_hi_mom_ls_h3",
      "train": {
        "n": 71,
        "mean": -0.005000997299537531,
        "median": -0.008641779358437924,
        "win": 0.4084507042253521,
        "p_pos": 0.8907184325516666,
        "sharpe": -0.14601661137188082
      },
      "oos": {
        "n": 33,
        "mean": -0.010443324940010068,
        "median": -0.005956804075079172,
        "win": 0.42424242424242425,
        "p_pos": 0.9630469098073946,
        "sharpe": -0.31111049738466406
      },
      "verdict": "REJECTED",
      "reason": "OOS mean -1.0443% \u2264 0 n=33",
      "p_adj": 1.0
    },
    {
      "id": "breadth_lo_rev_ls_h3",
      "train": {
        "n": 77,
        "mean": 0.001720590068745965,
        "median": 0.0035797762370170165,
        "win": 0.5064935064935064,
        "p_pos": 0.30376668991788836,
        "sharpe": 0.058529874987776044
      },
      "oos": {
        "n": 29,
        "mean": 0.005145209112652371,
        "median": 0.005998561348893063,
        "win": 0.5172413793103449,
        "p_pos": 0.2719477410489578,
        "sharpe": 0.1127045992530232
      },
      "verdict": "NOT_PROVEN",
      "reason": "OOS mean +0.5145% n=29 but p_adj=0.544 (trials=2)",
      "p_adj": 0.5438954820979156
    },
    {
      "id": "breadth_hi_mom_ls_h5",
      "train": {
        "n": 45,
        "mean": -0.013381999360201458,
        "median": -0.016764795873602596,
        "win": 0.3333333333333333,
        "p_pos": 0.9881937512881549,
        "sharpe": -0.3374042298449246
      },
      "oos": {
        "n": 23,
        "mean": -0.01047610886569753,
        "median": 0.0012952543969426025,
        "win": 0.5217391304347826,
        "p_pos": 0.8170642558385544,
        "sharpe": -0.18854576241641405
      },
      "verdict": "REJECTED",
      "reason": "OOS mean -1.0476% \u2264 0 n=23",
      "p_adj": 1.0
    },
    {
      "id": "breadth_lo_rev_ls_h5",
      "train": {
        "n": 42,
        "mean": 0.004004131130205321,
        "median": 0.005964814444025177,
        "win": 0.6666666666666666,
        "p_pos": 0.2041521664384073,
        "sharpe": 0.12759055749371823
      },
      "oos": {
        "n": 16,
        "mean": -0.006873123933628232,
        "median": -0.009597528387658146,
        "win": 0.375,
        "p_pos": 0.7983011018422892,
        "sharpe": -0.2088920803833254
      },
      "verdict": "INCONCLUSIVE",
      "reason": "n=16 < 20 or no mean",
      "p_adj": 1.0
    },
    {
      "id": "breadth_thrust_long_h1",
      "train": {
        "n": 109,
        "mean": 0.0014112040205638149,
        "median": 0.002934979687036377,
        "win": 0.5229357798165137,
        "p_pos": 0.33532905806550195,
        "sharpe": 0.04073107951544875
      },
      "oos": {
        "n": 50,
        "mean": -0.004142761950698774,
        "median": -0.002961098304996267,
        "win": 0.48,
        "p_pos": 0.8294461570040947,
        "sharpe": -0.13463014628739403
      },
      "verdict": "REJECTED",
      "reason": "OOS mean -0.4143% \u2264 0 n=50",
      "p_adj": 1.0
    },
    {
      "id": "breadth_collapse_short_h1",
      "train": {
        "n": 107,
        "mean": -0.0009235584113014537,
        "median": -0.0010228351176075545,
        "win": 0.48598130841121495,
        "p_pos": 0.5879677154905936,
        "sharpe": -0.021492512312456608
      },
      "oos": {
        "n": 53,
        "mean": -0.007259856733099683,
        "median": -0.010556153682135557,
        "win": 0.4339622641509434,
        "p_pos": 0.9243408642013893,
        "sharpe": -0.19709738354024328
      },
      "verdict": "REJECTED",
      "reason": "OOS mean -0.7260% \u2264 0 n=53",
      "p_adj": 1.0
    },
    {
      "id": "breadth_thrust_long_h3",
      "train": {
        "n": 109,
        "mean": 0.0069190861228565935,
        "median": 0.012984375375808583,
        "win": 0.5779816513761468,
        "p_pos": 0.1498152000875089,
        "sharpe": 0.09934826213996428
      },
      "oos": {
        "n": 50,
        "mean": -0.009678868736881742,
        "median": -0.00919047514910615,
        "win": 0.38,
        "p_pos": 0.9145487470693433,
        "sharpe": -0.19364962642713834
      },
      "verdict": "REJECTED",
      "reason": "OOS mean -0.9679% \u2264 0 n=50",
      "p_adj": 1.0
    },
    {
      "id": "breadth_collapse_short_h3",
      "train": {
        "n": 107,
        "mean": -0.00652574420364944,
        "median": -0.006216268141967334,
        "win": 0.4672897196261682,
        "p_pos": 0.8244021768978915,
        "sharpe": -0.09012619738581269
      },
      "oos": {
        "n": 53,
        "mean": -0.006207465294648191,
        "median": -0.007441839647344441,
        "win": 0.4339622641509434,
        "p_pos": 0.7428646363101392,
        "sharpe": -0.0895868648836189
      },
      "verdict": "REJECTED",
      "reason": "OOS mean -0.6207% \u2264 0 n=53",
      "p_adj": 1.0
    },
    {
      "id": "breadth_thrust_long_h5",
      "train": {
        "n": 109,
        "mean": 0.013721167088634323,
        "median": 0.02430509059210753,
        "win": 0.5963302752293578,
        "p_pos": 0.05890909197426267,
        "sharpe": 0.14980377996018576
      },
      "oos": {
        "n": 50,
        "mean": -0.02153122090212497,
        "median": -0.02220090100895668,
        "win": 0.32,
        "p_pos": 0.985689641683077,
        "sharpe": -0.3095249079066464
      },
      "verdict": "REJECTED",
      "reason": "OOS mean -2.1531% \u2264 0 n=50",
      "p_adj": 1.0
    },
    {
      "id": "breadth_collapse_short_h5",
      "train": {
        "n": 107,
        "mean": -0.017191890391654547,
        "median": -0.01146558673450613,
        "win": 0.42990654205607476,
        "p_pos": 0.975677774568533,
        "sharpe": -0.1906109365647976
      },
      "oos": {
        "n": 53,
        "mean": -0.010009965193477716,
        "median": -0.006618304340618211,
        "win": 0.4528301886792453,
        "p_pos": 0.8844854741521665,
        "sharpe": -0.16451843257009058
      },
      "verdict": "REJECTED",
      "reason": "OOS mean -1.0010% \u2264 0 n=53",
      "p_adj": 1.0
    },
    {
      "id": "dom_pressure_short_alts_h1",
      "train": {
        "n": 174,
        "mean": 0.0007813906159385193,
        "median": -0.0020656775370363426,
        "win": 0.4827586206896552,
        "p_pos": 0.41537855348254954,
        "sharpe": 0.01620287889513782
      },
      "oos": {
        "n": 63,
        "mean": 0.000900643742371219,
        "median": 0.006580818891564462,
        "win": 0.5396825396825397,
        "p_pos": 0.4173022461187393,
        "sharpe": 0.026306307809969065
      },
      "verdict": "NOT_PROVEN",
      "reason": "OOS mean +0.0901% n=63 but p_adj=1.000 (trials=3)",
      "p_adj": 1.0
    },
    {
      "id": "alt_pressure_long_alts_h1",
      "train": {
        "n": 100,
        "mean": 0.004693509227278305,
        "median": 0.0034560361115192257,
        "win": 0.56,
        "p_pos": 0.13225160034443384,
        "sharpe": 0.11158106346254067
      },
      "oos": {
        "n": 31,
        "mean": -0.00501839355866892,
        "median": -0.008752472927440745,
        "win": 0.3870967741935484,
        "p_pos": 0.7633505096355737,
        "sharpe": -0.12879886723919307
      },
      "verdict": "REJECTED",
      "reason": "OOS mean -0.5018% \u2264 0 n=31",
      "p_adj": 1.0
    },
    {
      "id": "dom_pressure_short_alts_h3",
      "train": {
        "n": 174,
        "mean": -0.00749658394793787,
        "median": -0.009722075408197384,
        "win": 0.41379310344827586,
        "p_pos": 0.8981213700589689,
        "sharpe": -0.09634816472647972
      },
      "oos": {
        "n": 63,
        "mean": 0.002372599162666361,
        "median": -0.005978171163267244,
        "win": 0.4603174603174603,
        "p_pos": 0.3887957355184816,