{
  "meta": {
    "panel": [
      1153,
      66
    ],
    "cut": "2025-07-21 00:00:00+00:00",
    "cost_rt": 0.0018
  },
  "results": [
    {
      "id": "dvol_premium_ls_h5",
      "train": {
        "n": 157,
        "mean": -0.0015452967628497116,
        "median": 0.002619189371155558,
        "win": 0.535031847133758,
        "p_pos": 0.7076088933954331,
        "sharpe": -0.043608488944652996
      },
      "oos": {
        "n": 68,
        "mean": 0.00024363750720352226,
        "median": -0.0009162924326927943,
        "win": 0.4852941176470588,
        "p_pos": 0.4799120959115385,
        "sharpe": 0.0061087696305053
      },
      "verdict": "NOT_PROVEN",
      "reason": "OOS mean +0.0244% n=68 but p_adj=0.960 (trials=2)",
      "p_adj": 0.959824191823077
    },
    {
      "id": "dvol_premium_ls_h10",
      "train": {
        "n": 79,
        "mean": -0.0035766911245921637,
        "median": -0.00345934927934595,
        "win": 0.4810126582278481,
        "p_pos": 0.7562215324595027,
        "sharpe": -0.07810357652064229
      },
      "oos": {
        "n": 33,
        "mean": 0.00807527765269035,
        "median": 0.0005540461422222118,
        "win": 0.5151515151515151,
        "p_pos": 0.1933036899742321,
        "sharpe": 0.15071404443679806
      },
      "verdict": "NOT_PROVEN",
      "reason": "OOS mean +0.8075% n=33 but p_adj=0.387 (trials=2)",
      "p_adj": 0.3866073799484642
    },
    {
      "id": "illiq_dvol_premium_ls_h5",
      "train": {
        "n": 157,
        "mean": -0.002054703237150289,
        "median": -0.006219189371155558,
        "win": 0.43312101910828027,
        "p_pos": 0.7662453567581871,
        "sharpe": -0.0579840102923489
      },
      "oos": {
        "n": 68,
        "mean": -0.0038436375072035222,
        "median": -0.0026837075673072056,
        "win": 0.4264705882352941,
        "p_pos": 0.7866077226247328,
        "sharpe": -0.09637225542232325
      },
      "verdict": "REJECTED",
      "reason": "OOS mean -0.3844% \u2264 0 n=68",
      "p_adj": 1.0
    },
    {
      "id": "illiq_dvol_premium_ls_h10",
      "train": {
        "n": 79,
        "mean": -2.3308875407835242e-05,
        "median": -0.00014065072065404987,
        "win": 0.4936708860759494,
        "p_pos": 0.5018048160108353,
        "sharpe": -0.0005089918225000663
      },
      "oos": {
        "n": 33,
        "mean": -0.011675277652690347,
        "median": -0.004154046142222211,
        "win": 0.42424242424242425,
        "p_pos": 0.8946710087621206,
        "sharpe": -0.21790313480717197
      },
      "verdict": "REJECTED",
      "reason": "OOS mean -1.1675% \u2264 0 n=33",
      "p_adj": 1.0
    },
    {
      "id": "volsurprise_fade_h1",
      "train": {
        "n": 343,
        "mean": -0.007414021539871802,
        "median": 0.000525179286474377,
        "win": 0.5072886297376094,
        "p_pos": 0.9766123042148247,
        "sharpe": -0.10735963749953692
      },
      "oos": {
        "n": 126,
        "mean": 0.003769526045695481,
        "median": 0.004154331541462373,
        "win": 0.5396825396825397,
        "p_pos": 0.25830945076820755,
        "sharpe": 0.057778856544443015
      },
      "verdict": "NOT_PROVEN",
      "reason": "OOS mean +0.3770% n=126 but p_adj=0.517 (trials=2)",
      "p_adj": 0.5166189015364151
    },
    {
      "id": "volsurprise_fade_h3",
      "train": {
        "n": 343,
        "mean": -0.012614217055307991,
        "median": -0.0005293197580555392,
        "win": 0.49854227405247814,
        "p_pos": 0.9836632139077658,
        "sharpe": -0.1153370292188875
      },
      "oos": {
        "n": 126,
        "mean": 0.016207530705170628,
        "median": 0.024679244396471026,
        "win": 0.6111111111111112,
        "p_pos": 0.014298984264240578,
        "sharpe": 0.19501023632597309
      },
      "verdict": "NOT_PROVEN",
      "reason": "OOS ok but train mean -1.2614% \u2264 0 (inconsistent)",
      "p_adj": 0.028597968528481156
    },
    {
      "id": "low_amihud_ls_h5",
      "train": {
        "n": 157,
        "mean": 0.0058106783119478925,
        "median": 0.0013053692496196169,
        "win": 0.5414012738853503,
        "p_pos": 0.03336305140461724,
        "sharpe": 0.14633038288418734
      },
      "oos": {
        "n": 68,
        "mean": -0.006160331188606527,
        "median": -0.008287628988714128,
        "win": 0.39705882352941174,
        "p_pos": 0.9383697649183582,
        "sharpe": -0.18690176433181382
      },
      "verdict": "REJECTED",
      "reason": "OOS mean -0.6160% \u2264 0 n=68",
      "p_adj": 1.0
    },
    {
      "id": "low_amihud_ls_h10",
      "train": {
        "n": 79,
        "mean": 0.013940170230740696,
        "median": 0.004326950863817163,
        "win": 0.5443037974683544,
        "p_pos": 0.038543349428178574,
        "sharpe": 0.19889818326807931
      },
      "oos": {
        "n": 33,
        "mean": -0.009618223711980678,
        "median": -0.006558576281380377,
        "win": 0.36363636363636365,
        "p_pos": 0.9222595205140083,
        "sharpe": -0.24726606727225497
      },
      "verdict": "REJECTED",
      "reason": "OOS mean -0.9618% \u2264 0 n=33",
      "p_adj": 1.0
    },
    {
      "id": "low_parkinson_ls_h5",
      "train": {
        "n": 157,
        "mean": -0.000428157617287178,
        "median": 0.004126531728187329,
        "win": 0.5477707006369427,
        "p_pos": 0.5556077519949865,
        "sharpe": -0.011160640155446598
      },
      "oos": {
        "n": 68,
        "mean": 0.004764504907968544,
        "median": 0.005234584671110581,
        "win": 0.5588235294117647,
        "p_pos": 0.09029476318370855,
        "sharpe": 0.16237057820575249
      },
      "verdict": "NOT_PROVEN",
      "reason": "OOS mean +0.4765% n=68 but p_adj=0.181 (trials=2)",
      "p_adj": 0.1805895263674171
    },
    {
      "id": "low_parkinson_ls_h10",
      "train": {
        "n": 79,
        "mean": 0.0005547795475283635,
        "median": 0.004640659865497814,
        "win": 0.5189873417721519,
        "p_pos": 0.4666119317848647,
        "sharpe": 0.009427045769443301
      },
      "oos": {
        "n": 33,
        "mean": 0.009511786977786903,
        "median": 0.011766536728113099,
        "win": 0.696969696969697,
        "p_pos": 0.11453350022472326,
        "sharpe": 0.20937463419778227
      },
      "verdict": "NOT_PROVEN",
      "reason": "OOS mean +0.9512% n=33 but p_adj=0.229 (trials=2)",
      "p_adj": 0.22906700044944653
    },
    {
      "id": "meta_strev_baseline_h3",
      "train": {
        "n": 236,
        "mean": -0.0016358194988388417,
        "median": -0.0017981740779328616,
        "win": 0.4788135593220339,
        "p_pos": 0.790481272523275,
        "sharpe": -0.05260232768568324
      },
      "oos": {
        "n": 114,
        "mean": 0.004543182155272087,
        "median": 0.0015600186245990177,
        "win": 0.5350877192982456,
        "p_pos": 0.06308693265250216,
        "sharpe": 0.1432382008556018
      },
      "verdict": "NOT_PROVEN",
      "reason": "OOS mean +0.4543% n=114 but p_adj=0.126 (trials=2)",
      "p_adj": 0.12617386530500432
    },
    {
      "id": "meta_strev_lowcorr_h3",
      "train": {
        "n": 103,
        "mean": -0.0014198796409236312,
        "median": 0.0002440275835963626,
        "win": 0.5145631067961165,
        "p_pos": 0.6670361321445797,
        "sharpe": -0.04254096631555558
      },
      "oos": {
        "n": 79,
        "mean": 0.004656205599103303,
        "median": 0.001141550579592566,
        "win": 0.5316455696202531,
        "p_pos": 0.07283295300751673,
        "sharpe": 0.16370165326152045
      },
      "verdict": "NOT_PROVEN",
      "reason": "OOS mean +0.4656% n=79 but p_adj=0.146 (trials=2)",
      "p_adj": 0.14566590601503346,
      "extra": {
        "baseline_oos_mean": 0.004543182155272087,
        "baseline_oos_std": 0.031717671180832976,
        "filt_oos_std": 0.02844324114225538,