{
  "meta": {
    "src": "data\\snap_smallcap1800",
    "panel": [
      1601,
      76
    ],
    "cut": "2025-03-08 00:00:00+00:00",
    "cost_rt": 0.0018
  },
  "results": [
    {
      "id": "sc_st_rev_ls_h1",
      "train": {
        "n": 1110,
        "mean": -0.0006527294351170227,
        "median": -0.0005589843010509292,
        "win": 0.4828828828828829,
        "p_pos": 0.8874988844195077,
        "sharpe": -0.036418227199636194
      },
      "oos": {
        "n": 480,
        "mean": -0.0006217742447269,
        "median": -0.0015852033925741718,
        "win": 0.46458333333333335,
        "p_pos": 0.7022950985353872,
        "sharpe": -0.024237314407238565
      },
      "verdict": "REJECTED",
      "reason": "OOS mean -0.0622% \u2264 0 n=480",
      "p_adj": 1.0
    },
    {
      "id": "sc_st_rev_ls_h3",
      "train": {
        "n": 370,
        "mean": -0.0013790544638962673,
        "median": 0.0008570273072357241,
        "win": 0.5054054054054054,
        "p_pos": 0.7893304028889667,
        "sharpe": -0.041803171177004314
      },
      "oos": {
        "n": 160,
        "mean": -0.0020390687376427427,
        "median": -0.0036946560026328923,
        "win": 0.4875,
        "p_pos": 0.7228225957280302,
        "sharpe": -0.046742194471936345
      },
      "verdict": "REJECTED",
      "reason": "OOS mean -0.2039% \u2264 0 n=160",
      "p_adj": 1.0
    },
    {
      "id": "sc_st_rev_ls_h5",
      "train": {
        "n": 222,
        "mean": -0.0019339135405301074,
        "median": -0.00289144636575276,
        "win": 0.44594594594594594,
        "p_pos": 0.7301585465129461,
        "sharpe": -0.04116150202997229
      },
      "oos": {
        "n": 96,
        "mean": 7.555433089723535e-05,
        "median": 0.0038171754883911217,
        "win": 0.5208333333333334,
        "p_pos": 0.49405904082388996,
        "sharpe": 0.0015199417295304024
      },
      "verdict": "NOT_PROVEN",
      "reason": "OOS mean +0.0076% n=96 but p_adj=1.000 (trials=3)",
      "p_adj": 1.0
    },
    {
      "id": "sc_low_idiovol_ls_h5",
      "train": {
        "n": 219,
        "mean": -0.0010906990931889829,
        "median": 0.00012838855637384945,
        "win": 0.502283105022831,
        "p_pos": 0.6475721785956086,
        "sharpe": -0.02559517984012031
      },
      "oos": {
        "n": 96,
        "mean": 0.005412307567545095,
        "median": 0.0033641857118324077,
        "win": 0.5104166666666666,
        "p_pos": 0.16954256161831277,
        "sharpe": 0.09756873773573416
      },
      "verdict": "NOT_PROVEN",
      "reason": "OOS mean +0.5412% n=96 but p_adj=0.339 (trials=2)",
      "p_adj": 0.33908512323662554
    },
    {
      "id": "sc_low_idiovol_ls_h10",
      "train": {
        "n": 110,
        "mean": -0.002610793545073283,
        "median": 0.0030912691943702475,
        "win": 0.5454545454545454,
        "p_pos": 0.6355446127684914,
        "sharpe": -0.03304461138583394
      },
      "oos": {
        "n": 47,
        "mean": 0.01222142563290897,
        "median": 0.012678409914853483,
        "win": 0.574468085106383,
        "p_pos": 0.12349003710446178,
        "sharpe": 0.16887019095772673
      },
      "verdict": "NOT_PROVEN",
      "reason": "OOS mean +1.2221% n=47 but p_adj=0.247 (trials=2)",
      "p_adj": 0.24698007420892357
    },
    {
      "id": "sc_winner_short_h1",
      "train": {
        "n": 1115,
        "mean": -0.0013882800752937547,
        "median": -0.0023827961378846216,
        "win": 0.46905829596412557,
        "p_pos": 0.8641560753950304,
        "sharpe": -0.03291796161519081
      },
      "oos": {
        "n": 480,
        "mean": 0.00039785890976670756,
        "median": -0.001037913715618638,
        "win": 0.4583333333333333,
        "p_pos": 0.38195060223817695,
        "sharpe": 0.01370957740797897
      },
      "verdict": "NOT_PROVEN",
      "reason": "OOS mean +0.0398% n=480 but p_adj=1.000 (trials=3)",
      "p_adj": 1.0
    },
    {
      "id": "sc_winner_short_h3",
      "train": {
        "n": 1115,
        "mean": -0.0013615814754208903,
        "median": -0.0031926362210653284,
        "win": 0.48071748878923765,
        "p_pos": 0.7371778025510164,
        "sharpe": -0.01900683346267365
      },
      "oos": {
        "n": 478,
        "mean": 0.00306083638227115,
        "median": -0.0008854697252837155,
        "win": 0.4874476987447699,
        "p_pos": 0.0814991561492126,
        "sharpe": 0.06380847343963812
      },
      "verdict": "NOT_PROVEN",
      "reason": "OOS mean +0.3061% n=478 but p_adj=0.244 (trials=3)",
      "p_adj": 0.2444974684476378
    },
    {
      "id": "sc_winner_short_h5",
      "train": {
        "n": 1115,
        "mean": -0.001562367655128966,
        "median": -0.005412210475472485,
        "win": 0.47623318385650226,
        "p_pos": 0.7151520404120671,
        "sharpe": -0.017025213627477092
      },
      "oos": {
        "n": 476,
        "mean": 0.005037400495165381,
        "median": 0.002744552305751757,
        "win": 0.5399159663865546,
        "p_pos": 0.03461466201128067,
        "sharpe": 0.08327840356792404
      },
      "verdict": "NOT_PROVEN",
      "reason": "OOS mean +0.5037% n=476 but p_adj=0.104 (trials=3)",
      "p_adj": 0.10384398603384201
    },
    {
      "id": "sc_resid5_rev_ls_h1",
      "train": {
        "n": 1110,
        "mean": -0.0014146213542513505,
        "median": -0.0010024850387134496,
        "win": 0.46306306306306305,
        "p_pos": 0.9928924467376565,
        "sharpe": -0.07359024060050885
      },
      "oos": {
        "n": 480,
        "mean": -0.0007322548773558344,
        "median": -0.0005866057179358159,
        "win": 0.48333333333333334,
        "p_pos": 0.7256095775782881,
        "sharpe": -0.027367322847933445
      },
      "verdict": "REJECTED",
      "reason": "OOS mean -0.0732% \u2264 0 n=480",
      "p_adj": 1.0
    },
    {
      "id": "sc_resid5_rev_ls_h3",
      "train": {
        "n": 370,
        "mean": -0.000623237931139029,
        "median": -0.0006456145287672137,
        "win": 0.4918918918918919,
        "p_pos": 0.6625778519105814,
        "sharpe": -0.02180922604693068
      },
      "oos": {
        "n": 160,
        "mean": -0.0014969403154353367,
        "median": -0.002500464534337987,
        "win": 0.475,
        "p_pos": 0.6456427141691696,
        "sharpe": -0.02953433065471857
      },
      "verdict": "REJECTED",
      "reason": "OOS mean -0.1497% \u2264 0 n=160",
      "p_adj": 1.0
    },
    {
      "id": "sc_resid5_rev_ls_h5",
      "train": {
        "n": 222,
        "mean": -0.004141173679253453,
        "median": -0.004517657658702703,
        "win": 0.4594594594594595,
        "p_pos": 0.9260338208384307,
        "sharpe": -0.09710779059748367
      },
      "oos": {
        "n": 96,
        "mean": 0.0036357267773750187,
        "median": 0.008771450626822963,
        "win": 0.5625,
        "p_pos": 0.270263405553714,
        "sharpe": 0.062463677058267796
      },
      "verdict": "NOT_PROVEN",
      "reason": "OOS mean +0.3636% n=96 but p_adj=0.811 (trials=3)",
      "p_adj": 0.8107902166611419
    },
    {
      "id": "sc_crash_bounce_dd12_h3",
      "train": {
        "n": 90,
        "mean": 0.004120760036492159,
        "median": 0.0029617630877668334,
        "win": 0.5111111111111111,
        "p_pos": 0.36822081610779245,
        "sharpe": 0.03547751510215661
      },
      "oos": {
        "n": 29,
        "mean": 0.012723614565713418,
        "median": 0.0188029931621447,
        "win": 0.5172413793103449,
        "p_pos": 0.3102518220039626,
        "sharpe": 0.09194457310252081
      },
      "verdict": "INCONCLUSIVE",
      "reason": "n=29 < 30 or no mean",
      "p_adj": 1.0,
      "extra": {
        "oos_day_ew": {
          "n": 29,
          "mean": 0.012723614565713418,
          "median": 0.0188029931621447,
          "win": 0.5172413793103449,
          "p_pos": 0.3102518220039626,