{
  "meta": {
    "panel": [
      1153,
      66
    ],
    "cost_rt_base": 0.0018,
    "note": "pre-registered deep dive; CANDIDATE still needs lockbox+paper"
  },
  "results": [
    {
      "id": "hi_disp_rev_lb5_h3_cost1x",
      "lookback": 5,
      "hold": 3,
      "reverse": true,
      "masked_high_disp": true,
      "cost": 0.0018,
      "train": {
        "n": 197,
        "mean": -0.010463047896500821,
        "median": -0.005161359515057046,
        "win": 0.45685279187817257,
        "p_pos": 0.9995210631809985,
        "sharpe": -0.2353016673947056
      },
      "oos": {
        "n": 72,
        "mean": 0.00012741817141019536,
        "median": -5.4916539779687e-05,
        "win": 0.5,
        "p_pos": 0.4896890949568924,
        "sharpe": 0.003046273082585014
      },
      "verdict": "NOT_PROVEN",
      "reason": "OOS mean +0.0127% n=72 but p_adj=0.490 (trials=1)",
      "p_adj": 0.4896890949568924
    },
    {
      "id": "hi_disp_rev_lb5_h3_cost2x",
      "lookback": 5,
      "hold": 3,
      "reverse": true,
      "masked_high_disp": true,
      "cost": 0.0036,
      "train": {
        "n": 197,
        "mean": -0.012263047896500822,
        "median": -0.006961359515057047,
        "win": 0.41624365482233505,
        "p_pos": 0.9999457558497906,
        "sharpe": -0.27578155485198436
      },
      "oos": {
        "n": 72,
        "mean": -0.0016725818285898049,
        "median": -0.001854916539779687,
        "win": 0.4722222222222222,
        "p_pos": 0.632810255369117,
        "sharpe": -0.039987553945121664
      },
      "verdict": "REJECTED",
      "reason": "OOS mean -0.1673% \u2264 0 n=72",
      "p_adj": 0.632810255369117
    },
    {
      "id": "hi_disp_rev_lb3_h1_cost1x",
      "lookback": 3,
      "hold": 1,
      "reverse": true,
      "masked_high_disp": true,
      "cost": 0.0018,
      "train": {
        "n": 605,
        "mean": -0.0006915600868091321,
        "median": 0.00048379573231311724,
        "win": 0.5074380165289256,
        "p_pos": 0.7753456172091413,
        "sharpe": -0.030758860055054436
      },
      "oos": {
        "n": 230,
        "mean": -0.0002982195005998722,
        "median": 0.00010416859911979454,
        "win": 0.5,
        "p_pos": 0.5827749216327696,
        "sharpe": -0.013780889878538276
      },
      "verdict": "REJECTED",
      "reason": "OOS mean -0.0298% \u2264 0 n=230",
      "p_adj": 0.5827749216327696
    },
    {
      "id": "hi_disp_rev_lb3_h1_cost2x",
      "lookback": 3,
      "hold": 1,
      "reverse": true,
      "masked_high_disp": true,
      "cost": 0.0036,
      "train": {
        "n": 605,
        "mean": -0.002491560086809132,
        "median": -0.0013162042676868827,
        "win": 0.4677685950413223,
        "p_pos": 0.9967924256363654,
        "sharpe": -0.11081835040904123
      },
      "oos": {
        "n": 230,
        "mean": -0.0020982195005998716,
        "median": -0.0016958314008802054,
        "win": 0.45217391304347826,
        "p_pos": 0.9292826980850062,
        "sharpe": -0.09695989638707349
      },
      "verdict": "REJECTED",
      "reason": "OOS mean -0.2098% \u2264 0 n=230",
      "p_adj": 0.9292826980850062
    },
    {
      "id": "xs_rev_lb3_h2_cost1x",
      "lookback": 3,
      "hold": 2,
      "reverse": true,
      "masked_high_disp": false,
      "cost": 0.0018,
      "train": {
        "n": 1043,
        "mean": -0.0008463544563869371,
        "median": 0.00032974286621359093,
        "win": 0.5081495685522531,
        "p_pos": 0.862209924048014,
        "sharpe": -0.03376017108204068
      },
      "oos": {
        "n": 413,
        "mean": 0.0001655802370007834,
        "median": -0.00020643461649694607,
        "win": 0.4891041162227603,
        "p_pos": 0.4457025948423694,
        "sharpe": 0.006718022844648965
      },
      "verdict": "NOT_PROVEN",
      "reason": "OOS mean +0.0166% n=413 but p_adj=0.446 (trials=1)",
      "p_adj": 0.4457025948423694
    },
    {
      "id": "xs_rev_lb3_h2_cost2x",
      "lookback": 3,
      "hold": 2,
      "reverse": true,
      "masked_high_disp": false,
      "cost": 0.0036,
      "train": {
        "n": 1043,
        "mean": -0.002646354456386937,
        "median": -0.001470257133786409,
        "win": 0.46021093000958774,
        "p_pos": 0.9996741381606569,
        "sharpe": -0.10556023958654337
      },
      "oos": {
        "n": 413,
        "mean": -0.0016344197629992161,
        "median": -0.002006434616496946,
        "win": 0.4430992736077482,
        "p_pos": 0.9111117594883285,
        "sharpe": -0.0663126802114828
      },
      "verdict": "REJECTED",
      "reason": "OOS mean -0.1634% \u2264 0 n=413",
      "p_adj": 0.9111117594883285
    },
    {
      "id": "xs_rev_lb5_h1_cost1x",
      "lookback": 5,
      "hold": 1,
      "reverse": true,
      "masked_high_disp": false,
      "cost": 0.0018,
      "train": {
        "n": 2093,
        "mean": -0.0014742113349365715,
        "median": -0.0003133470396120314,
        "win": 0.4882943143812709,
        "p_pos": 0.9999453261001499,
        "sharpe": -0.084566391574205
      },
      "oos": {
        "n": 833,
        "mean": -0.0005834692655212053,
        "median": -0.0003220497536475914,
        "win": 0.48739495798319327,
        "p_pos": 0.8410793676368276,
        "sharpe": -0.0346099675374451
      },
      "verdict": "REJECTED",
      "reason": "OOS mean -0.0583% \u2264 0 n=833",
      "p_adj": 0.8410793676368276
    },
    {
      "id": "xs_rev_lb5_h1_cost2x",
      "lookback": 5,
      "hold": 1,
      "reverse": true,
      "masked_high_disp": false,
      "cost": 0.0036,
      "train": {
        "n": 2093,
        "mean": -0.003274211334936571,
        "median": -0.0021133470396120313,
        "win": 0.4362159579550884,
        "p_pos": 1.0,
        "sharpe": -0.18782126502836838
      },
      "oos": {
        "n": 833,
        "mean": -0.002383469265521205,
        "median": -0.0021220497536475914,
        "win": 0.43937575030012005,
        "p_pos": 0.9999775322449465,
        "sharpe": -0.1413815581742737
      },
      "verdict": "REJECTED",
      "reason": "OOS mean -0.2383% \u2264 0 n=833",
      "p_adj": 0.9999775322449465
    },
    {
      "id": "xs_rev_lb2_h1_cost1x",
      "lookback": 2,
      "hold": 1,
      "reverse": true,
      "masked_high_disp": false,
      "cost": 0.0018,
      "train": {
        "n": 2093,
        "mean": -0.0018393732869055302,
        "median": -0.0010027377574040428,
        "win": 0.4658385093167702,
        "p_pos": 0.9999997294685521,
        "sharpe": -0.109534924331559
      },
      "oos": {
        "n": 833,
        "mean": -0.001698171994030476,
        "median": -0.0011676734214053947,
        "win": 0.4657863145258103,
        "p_pos": 0.9980003605660533,
        "sharpe": -0.09972436434985242
      },
      "verdict": "REJECTED",
      "reason": "OOS mean -0.1698% \u2264 0 n=833",
      "p_adj": 0.9980003605660533
    },
    {
      "id": "xs_rev_lb2_h1_cost2x",
      "lookback": 2,
      "hold": 1,
      "reverse": true,
      "masked_high_disp": false,
      "cost": 0.0036,
      "train": {
        "n": 2093,
        "mean": -0.00363937328690553,
        "median": -0.0028027377574040427,
        "win": 0.41328236980410893,
        "p_pos": 1.0,
        "sharpe": -0.2167251641814065
      },
      "oos": {
        "n": 833,
        "mean": -0.003498171994030476,
        "median": -0.0029676734214053946,
        "win": 0.4141656662665066,
        "p_pos": 0.9999999984763039,
        "sharpe": -0.2054285312191318
      },
      "verdict": "REJECTED",
      "reason": "OOS mean -0.3498% \u2264 0 n=833",
      "p_adj": 0.9999999984763039
    },
    {
      "id": "xs_mom_lb20_h5_cost1x",
      "lookback": 20,
      "hold": 5,
      "reverse": false,
      "masked_high_disp": false,
      "cost": 0.0018,
      "train": {
        "n": 354,
        "mean": 0.000985379601478138,
        "median": -0.0035526099223497794,
        "win": 0.4548022598870056,